Index,Year,Name,RuTerm,RuTerm_filtered,YAKE
1,2013,Adrova,"scrypt, размер блока, рисунок, хеширование, соль, пароль, sha512, gost, уникальная соль, радужные таблица","размер блока, рисунок, хеширование, соль, пароль, уникальная соль, радужные таблица, данный случай, время хеширования, перебор","хеширования, алгоритмов хеширования, SCRYPT, паролей, раундов, алгоритмов, BCRYPT, Полежаев Оренбургский, GOST, Алгоритм"
2,2013,Aksarin,"интернет, новая сцена, театр, александринский театр, открытие, зритель, спектакль, театральное представление, новые технологии, экран","интернет, новая сцена, театр, александринский театр, открытие, зритель, спектакль, театральное представление, новые технологии, экран","Новой сцены, сцены Александринского, Александринского театра, Новой, интернет, сцены, открытии Новой, театра, сети интернет, Александринского"
3,2013,Arzumanyan,"онтология, концептуальные карты, знания, необходимость, визуализация, такой образ, концептуальное моделирование, компьютерные науки, развитие, поиск","онтология, концептуальные карты, знания, необходимость, визуализация, такой образ, концептуальное моделирование, компьютерные науки, развитие, поиск","информации, Онтологии, концептуальных карт, концептуальных, области, предметной области, восприятие информации, представления, поиска, структуризации информации"
4,2013,Bershadskaya,"электронное правительство, рои, портал, социальные сети, социальные медиа, российская общественная инициатива, государственные услуги, документы, исследуемая тематика, результат","электронное правительство, портал, социальные сети, социальные медиа, российская общественная инициатива, государственные услуги, документы, исследуемая тематика, результат, работа","электронного правительства, электронного, правительства, социальных медиа, услуг электронного, социальных, услуг, социальных сетей, государственных услуг, РОИ"
5,2013,Bikkulov,"подростковые самоубийства, социальные сети, самоубийство, социальные медиа, 100 тысяч, сми, россия, подростки, месяц, время","подростковые самоубийства, социальные сети, самоубийство, социальные медиа, россия, подростки, месяц, время, подростковые самоубийство, среднее","подростковых самоубийств, самоубийств, социальных медиа, социальных, подростковых, социальных сетях, сообщений, СМИ, самоубийств среди, медиа"
6,2013,Bogomolova,"государственное управление, предметная область, социальные услуги, россия, социальная помощь, форма, термины, онтология, соответствие, работа","государственное управление, предметная область, социальные услуги, россия, социальная помощь, форма, термины, онтология, соответствие, работа","предметной области, государственного управления, онтологии, государственное управление, управления, статистического наблюдения, УИС РОССИЯ, области, онтологии предметной, показателей"
7,2013,Bogoraz,"проникновение, тестирование, прочность, документ, тесты, методика, межсетевые экраны, атака, данная методика, система","проникновение, тестирование, прочность, документ, тесты, методика, межсетевые экраны, атака, данная методика, система","проникновение, тестов, безопасности, тестирования, уязвимостей, проведения тестов, Security Testing, Digital Security, Security, оценки"
8,2013,Bolgov,"электронная демократия, электронное участие, граждане, россия, разные страны, обратная связь, опросы, общественное мнение, эксперты, сша","электронная демократия, электронное участие, граждане, россия, разные страны, обратная связь, опросы, общественное мнение, эксперты, страны","электронной демократии, электронного участия, демократии, электронной, электронного, участия, механизмов электронной, России, разных странах, электронного правительства"
9,2013,Boyarsky,"слово, предложения, предлог, существительное, словосочетание, х, класс, наречие, словарь, прилагательное","слово, предложения, предлог, существительное, словосочетание, класс, наречие, словарь, прилагательное, слова","слова, омонимии, слов, слово, анализа, предложения, словосочетание, существительное, является, SemSin"
10,2013,Boykov,"примеры, термин, тезаурус, поэтология, поле, стих, метрика, художественная речь, часть, целое","примеры, термин, тезаурус, поэтология, поле, стих, метрика, художественная речь, часть, целое","Тезауруса, термина, Стих, поэтологии, III, Примеры, ТСТ, стопный стих, равносложный стих, Поля ТСТ"
11,2013,Brodovskaya,"in the article analyzes the characteristics of the perception of the russian users of political subjectivity in the internet space, identifies the major trends in the global network of political functions in modern russia, the political subjectivity of the russians in the perception of internet users, results of the within the framework of world internet project-2012 e.v, realized the sholokhov moscow state university for the humanities, brodovskaya the article reflects some results of the research, world internet project in russia",,"World Internet, The, Internet, Internet Project, World, the within, within the, the framework, the Internet, the perception"
12,2013,Brodovskaya,"статья, реализованный московский государственный гуманитарные университет имени, world internet project in russia, основные тенденции развития, некоторые результаты исследования, современная россия, российские пользователи, политические функции, политическая субъектность, особенности восприятия","статья, реализованный московский государственный гуманитарные университет имени, основные тенденции развития, некоторые результаты исследования, современная россия, российские пользователи, политические функции, политическая субъектность, особенности восприятия, глобальная сеть","World Internet, Internet Project, реализованного Московским, Московским государственным, результаты исследования, отражены некоторые, некоторые результаты, государственным гуманитарным, гуманитарным университетом, университетом имени"
13,2013,Brodovskaya,"интернет, глобальная сеть, россияне, респонденты, позиция, политические функции, политическая субъектность, пространство, отношение, возраст","интернет, глобальная сеть, россияне, респонденты, позиция, политические функции, политическая субъектность, пространство, отношение, возраст","глобальной сети, политической субъектности, Интернет, Интернете, Интернета, россиян, пространстве Интернет, глобальной, политической, действия властей"
14,2013,Chirkin,"страница, навигация, гиперссылка, переход, неструктурированные источники, статья, сайт, проблема, практика, информация","страница, навигация, гиперссылка, переход, неструктурированные источники, статья, сайт, проблема, практика, информация","данных, например, извлечения данных, страницы, извлечения, извлечение, сайта, data, страниц, следует"
15,2013,Chizhik,"интернет, сеть, сайт, мультимедийный продукт, случай, целевая аудитория, продукт, рекламная акции, качество, потенциальные клиенты","интернет, сеть, сайт, мультимедийный продукт, случай, целевая аудитория, продукт, рекламная акции, качество, потенциальные клиенты","сети Интернет, сети, Интернет, продукта, информации, является, мультимедийного продукта, Необходимо отметить, рекламной акции, случае"
16,2013,Dyakova,"электронное правительство, китай, индекс развития, система, регионы, переход, человеческое капитал, информационные технологии, государственное управление, сфера","электронное правительство, китай, индекс развития, система, регионы, переход, человеческое капитал, информационные технологии, государственное управление, сфера","электронного правительства, Китае, развития электронных, развития, правительства, электронного, электронных услуг, развития человеческого, индексу развития, власти"
17,2013,Evtushenko,"число, стандарты, государство, изменения, процессно-проектное управление, все уровни, функции, процессы, главное, возможность","число, стандарты, государство, изменения, процессно-проектное управление, функции, процессы, главное, возможность, централизованная функциональная архитектура","управления, системы управления, системы, числе, процессов, система, процессно-проектного управления, управления изменениями, систем, дальнейшем"
18,2013,Gorelik,"пользователь, паспорт, система, регистрация, электронная регистрация паспорта, услуги, уполномоченный оператор, фотокарточка, использование, электронная регистрация","пользователь, паспорт, система, регистрация, электронная регистрация паспорта, услуги, уполномоченный оператор, фотокарточка, использование, электронная регистрация","регистрации, регистрации паспорта, паспорта, электронной регистрации, пользователя, электронной, Процедура регистрации, процессе регистрации, Процедура, Введение Стремление"
19,2013,Grigorieva,"пожилые люди, икт, пенсия, пенсионеры, обучение, работа, социальные сети, число, социальное исключение, россия","пожилые люди, пенсия, пенсионеры, обучение, работа, социальные сети, число, социальное исключение, россия, люди","пожилых, пожилых людей, ИКТ, обучение пожилых, пожилых ИКТ, социальных, социального исключения, обучение, России, людей"
20,2013,Grigoryuk,"база данных, данные, управление, помощь, поиск, основа, анализ, структурная схема, настоящее время, фактор","база данных, данные, управление, помощь, поиск, основа, анализ, структурная схема, настоящее время, фактор","данных, базе данных, данными, Модель данных, Брагинская Институт, Google Maps, Модель, анализа, данные, экспериментов"
21,2013,Ivanchenko,"студенты, преподаватели, мобильные устройства, мобильные технологии, сервисы, использование, сравнение, сервис, внедрение, образовательный процесс","студенты, преподаватели, мобильные устройства, мобильные технологии, сервисы, использование, сравнение, сервис, внедрение, образовательный процесс","мобильных устройств, мобильных технологий, мобильных, студентов, преподавателей, устройств, среди преподавателей, технологий, среди студентов, применения мобильных"
22,2013,Ivanko,"mfccs, система, раздел, vad, результирующий вектор, используемые признаки, рисунок, признаки, вектор, задача идентификации языка","система, раздел, результирующий вектор, используемые признаки, рисунок, признаки, вектор, задача идентификации языка, экспериментальная модель, данная область","Shifted Delta, Delta Cepstra, SDC, признаков SDC, идентификации языка, признаков, VAD, MFCCs, языка, СИЯ"
23,2013,Juk,"социальные сети, антипиратский закон, сеть, информация, изменения, социальные сеть, информационные технологии, число, фильмы, исследование","социальные сети, антипиратский закон, сеть, информация, изменения, социальные сеть, информационные технологии, число, фильмы, исследование","социальных сетей, сети, социальные сети, социальных, социальных сетях, информации, Антипиратский закон, исследования, Антипиратский, сетей"
24,2013,Karbovskii,"экстремальные ситуации, персональная поддержка принятия решений, чрезвычайная ситуация, такой образ, рис, основа, действия, чрезвычайные ситуации, облачные технологии, настоящее время","экстремальные ситуации, персональная поддержка принятия решений, чрезвычайная ситуация, такой образ, основа, действия, чрезвычайные ситуации, облачные технологии, настоящее время, искусственное общество","ММС, экстремальных ситуациях, ситуациях, пользователей ММС, экстремальных, принятия решений, эвакуации, населения, чрезвычайных ситуациях, ситуации"
25,2013,Karnup,"интернет, русский язык, частота, английский язык, сеть, такой образ, twitter, твиттер, заимствование, частота словоформ","интернет, русский язык, частота, английский язык, сеть, такой образ, твиттер, заимствование, частота словоформ, межличностный общение","сети Интернет, Интернет, общения, сети, Twitter, русский язык, языка, английского языка, коммуникации, микроблогов Twitter"
26,2013,Koltsova,"количество, посты, темы, тексты, автор, пост, авторы, количество постов, группа, блогеры","количество, посты, темы, тексты, автор, пост, авторы, количество постов, группа, блогеры","постов, количество, Количество комментариев, комментариев, количество постов, блоггеров, распределения, темы, темам, LDA"
27,2013,Kovalevsky,"активная сейсмология, ран, область, научные исследования, информационная система, база данных, пользователи, возможность, мощные сейсмические вибраторы, экспериментальные данные","активная сейсмология, область, научные исследования, информационная система, база данных, пользователи, возможность, мощные сейсмические вибраторы, экспериментальные данные, файловый архив","Активная сейсмология, активной сейсмологии, Активная, области активной, сейсмология, РАН, данных, научных исследований, исследований, активной"
28,2013,Lipuntsov,"сущность, учебное план, основа, управление, рисунок, данные, статистические данные, предметная область, образовательное учреждение, баллы","сущность, учебное план, основа, управление, рисунок, данные, статистические данные, предметная область, образовательное учреждение, баллы","данных, модели данных, открытых данных, обмена, статистических данных, области, модели, проекта, сущности, предметной области"
29,2013,Lyapin,"одиночество, сервисы, факт, термины, ресурсы, электронная библиотека, поиск, термин, друг, абзацы","одиночество, сервисы, факт, термины, ресурсы, электронная библиотека, поиск, термин, друг, абзацы","библиотеки, полнотекстового поиска, поиска, например, электронной библиотеки, абзацев, запроса, полнотекстовой библиотеки, одиночество, сервисов"
30,2013,Markarova,"образование, информация, электронная библиотека, информационное общество, создание, библиотека, время, информационные объекты, разработка, развитие","образование, информация, электронная библиотека, информационное общество, создание, библиотека, время, информационные объекты, разработка, развитие","информации, информационного общества, образования, электронной библиотеки, информационного, системы, библиотеки, управления, образовательных, обработки информации"
31,2013,Masloboev,"региональная безопасность, миас, безопасность, создание, реализация, основа, качество, кризисные ситуации, управление, система","региональная безопасность, миас, безопасность, создание, реализация, основа, качество, кризисные ситуации, управление, система","МИАС БВР, управления безопасностью, поддержки управления, управления, региональной безопасности, задач управления, управления региональной, безопасности, МИАС, БВР"
32,2013,Mbogo,"открытый доступ, информационное общество, решение, исследователи, информация, система ojs, научные исследования, берлинская декларация, возможность, статья","открытый доступ, информационное общество, решение, исследователи, информация, научные исследования, берлинская декларация, возможность, статья, система","Open Archives, Archives Initiative, информационного общества, научных, Open, научной, исследований, научных исследований, информационных систем, информации"
33,2013,Moiseichev,"свободные лицензии, россия, авторское право, рамки, свободные лицензия, открытые инновации, модель, открытые образовательные ресурсы, материалы, развитие","свободные лицензии, россия, авторское право, рамки, свободные лицензия, открытые инновации, модель, открытые образовательные ресурсы, материалы, развитие","Creative Commons, свободных лицензий, Лицензии Creative, Creative, Commons, лицензий, Свободные лицензии, свободных, лицензии, России"
34,2013,Novolodskaya,"сеть, человек, текст, слово, мир, интернет, общество, автор, способы, смена","сеть, человек, текст, слово, интернет, общество, автор, способы, смена, ризом","сети, человека, культуры, становится, сети Интернет, пространстве Сети, Иоанном Гутенбергом, глобальной сети, новые, информации"
35,2013,Peskova,"провайдер, облачные технологии, облака, клиент, инфраструктура, целевая аудитория, степень полезности, степень зрелости, технологии, рынок","провайдер, облачные технологии, облака, клиент, инфраструктура, целевая аудитория, степень полезности, степень зрелости, технологии, рынок","облачных, безопасности, облачных вычислений, данных, облачных технологий, облако, степень, Степень полезности, Service, Cloud"
36,2013,Pijavskij,"фактографическая информация, кластер, атбд, таблица, лексемы, описание, пополнение, основа, поиск, использование","фактографическая информация, кластер, атбд, таблица, лексемы, описание, пополнение, основа, поиск, использование","фактографической информации, информации, фактографической, лексем, атомов, поиска фактографической, кластера, АтБД, поиска, виде"
37,2013,Platonov,"ран, интернет, сайт, анализ, дальневосточный отделение ран, такой образ, наличие, официальное сайт института, дальневосточный геологический институт, научное институт","интернет, сайт, анализ, такой образ, наличие, официальное сайт института, дальневосточный геологический институт, научное институт, работа, наумова","ДВО РАН, РАН, отделения РАН, Дальневосточного отделения, научных, Интернет, ДВО, сайта, Cybermetrics Lab, Института"
38,2013,Prokudin,"информационное общество, электронное государство, государственные услуги, российская федерация, информационно-коммуникационные технологии, интернет, электронное правительство, формирование, сеть, разработка","информационное общество, электронное государство, государственные услуги, российская федерация, информационно-коммуникационные технологии, интернет, электронное правительство, формирование, сеть, разработка","Российской Федерации, электронного государства, государственных услуг, Информационное общество, электронного правительства, сети Интернет, электронного, услуг, государственной власти, концепции электронного"
39,2013,Ruzanova,"карелия, муниципальные услуги, электронное правительство, республика, развитие, электронный вид, органы, работа, российская федерация, создание","карелия, муниципальные услуги, электронное правительство, республика, развитие, органы, работа, российская федерация, создание, местное самоуправление","Республики Карелия, муниципальных услуг, Карелия, Республики, власти Республики, услуг Республики, услуг, Правительства Республики, государственных услуг, электронного правительства"
40,2013,Shubinskiy,"интернет, сеть, дети, система, список, школа, цаир, родители, годы, чёрный список","интернет, сеть, дети, система, список, школа, цаир, родители, годы, чёрный список","сети Интернет, Интернет, сети, детей, интернете, Системы, курса, курс, информации, ЦАИР"
41,2013,Shustrova,"зритель, театр, опера, интернет, электронные технологии, работа, актёры, современное театр, новые технологии, грэм вик","зритель, театр, опера, интернет, электронные технологии, работа, актёры, современное театр, новые технологии, сцена","театра, Театр, современного театра, Новые, Грэм Вик, технологии, спектакля, виртуальный театр, Новые технологии, Виртуальные технологии"
42,2013,Sidorova,"сайты, информация, алтайский край, сайт, органы власти, официальные сайты, мониторинг, региональные органы власти, сведение, российская федерация","сайты, информация, алтайский край, сайт, органы власти, официальные сайты, мониторинг, региональные органы власти, сведение, российская федерация","органов власти, власти, органов, сайтов, Алтайского края, власти Алтайского, региональных органов, сайтов органов, информации, Алтайского"
43,2013,Solovjova,"обучение, учебное материал, преподаватели, создание, учебные материалы, использование, учебный скринкаста, данная статья, учёт, студенты","обучение, учебное материал, преподаватели, создание, учебные материалы, использование, учебный скринкаста, данная статья, учёт, студенты","учебного материала, учебных материалов, материалов, учебного, дидактических материалов, материала, преподавателей, учебных, ООД, создания мультимедийных"
44,2013,Talbonen,"текстовая информация, коллекция изображений, помощь, основа, поиск, экспертное оценивание, текстовая коллекция, программный комплекс, изображения, цифровые исторические коллекции","текстовая информация, коллекция изображений, помощь, основа, поиск, экспертное оценивание, текстовая коллекция, программный комплекс, изображения, цифровые исторические коллекции","коллекции, коллекции изображений, изображений, поиска, Выполнять, Рогов Петрозаводский, программный комплекс, основе, помощью, информации"
45,2013,Tolstikova,"интернет, социальные сети, м, социальное взаимодействие, коммуникация, информация, эффективная коммуникация, формирование, рамки, проблемы","интернет, социальные сети, социальное взаимодействие, коммуникация, информация, эффективная коммуникация, формирование, рамки, проблемы, одна сторона","социального взаимодействия, коммуникации, социальных сетей, социальных, социального, взаимодействия, Интернет, общения, жизни, культуры"
46,2013,Trakhtenberg,"портал, услуги, граждане, участники, пользователи, электронный вид, государственные услуги, запись, электронные услуги, получение","портал, услуги, граждане, участники, пользователи, государственные услуги, запись, электронные услуги, получение, врач","государственных услуг, услуг, Портал государственных, муниципальных услуг, государственных, электронном виде, Портал, услуги, портала, исследования"
47,2013,Voroshilov,"преподаватель, студенты, фактографическая информация, студент, использование, курсовая работа, фактографический поиск, этап, система, количество","преподаватель, студенты, фактографическая информация, студент, использование, курсовая работа, фактографический поиск, этап, система, количество","фактографической информации, работы, студентов, курсовой работы, информации, студента, работы студента, фактографической, работы студентов, самостоятельной работы"
48,2013,Yakushev,"пользователи, социальная сеть, связь, реальный мир, связи, признаки, сеть, социальные сети, признак, коэффициент","пользователи, социальная сеть, связь, связи, признаки, сеть, социальные сети, признак, коэффициент, жаккара","социальной сети, сети, пользователей, связей, реальном мире, социальной, данных, сети Vkontakte, Знакомы, реальном"
49,2013,Zakharkina,"проект, культурное наследие, контент, функциональность, ресурс, дальнейшее развитие, рамки, проекты, портал, cms","проект, культурное наследие, контент, функциональность, ресурс, дальнейшее развитие, рамки, проекты, портал, мультимедийная информационная система","информационных систем, CMS, материалов, реализации, культурного наследия, дальнейшего развития, контента, проекта, разработки, ресурса"
50,2013,Zakharkina_Mbogo,"технологии, проект, виртуальная лаборатория, реализация, контент, такой образ, функциональность, категория, категории, использование","технологии, проект, виртуальная лаборатория, реализация, контент, такой образ, функциональность, категория, категории, использование","проекта, проектов, Drupal, реализации, творческих проектов, является, творческих, Drupal является, позволяет, возможности"
51,2014,Adaskina,"слово, результаты, алгоритм, семантические классы, релевантные слова, объём, метод, корпус, опорные векторы, каждая итерация","слово, результаты, алгоритм, семантические классы, релевантные слова, объём, метод, корпус, опорные векторы, каждая итерация","слов, релевантных слов, слова, алгоритма, семантических классов, связи, релевантных, пополнения, Алгоритм, пополнения семантических"
52,2014,Akatkin,"информация, обмен, проблемы, россия, решение, международный обмен, создание, др, таблы, рф","информация, обмен, проблемы, россия, решение, международный обмен, создание, таблы, стратегические информационные системы, настоящая статья","обмена информацией, информацией, обмена, моделей данных, данных, Проблемы, России, проблемы импортозамещения, моделей, информацией США"
53,2014,Balakshina,"российская федерация, федеральное казначейство, кредитные организации, данные, электронный вид, электронные сообщения, ст, обеспечение, наличные, взаимодействие","российская федерация, федеральное казначейство, кредитные организации, данные, электронные сообщения, обеспечение, наличные, взаимодействие, центральный банк, форматы обмена","Российской Федерации, Федерального казначейства, Федерации, Российской, кредитными организациями, обмена, федерального, взаимодействия, казначейства, территории Российской"
54,2014,Baranov,"электронное правительство, ростовская область, граждане, эры, россия, качество, российская федерация, формирование, электронный вид, внедрение","электронное правительство, ростовская область, граждане, россия, качество, российская федерация, формирование, внедрение, местное самоуправление, создание","электронного правительства, Ростовской области, развития электронного, развития, правительства, электронного, Российской Федерации, Ростовской, услуг, области"
55,2014,Belinskaya,"бан, работа, библиотека, российская академия наук, сайт, сохранность, создание, оцифровка, отдел, автоматизация","работа, библиотека, российская академия наук, сайт, сохранность, создание, оцифровка, отдел, автоматизация, центральная библиотека","БАН, академии наук, Российской академии, академии, наук, Российской, системы БАН, РАН, фонд БАН, сайте БАН"
56,2014,Belova,"нижегородская область, интернет, электронный гражданин, компьютерная грамотность, социальные сети, граждане, реклама, проект, сеть, связь","нижегородская область, интернет, электронный гражданин, компьютерная грамотность, социальные сети, граждане, реклама, проект, сеть, связь","Нижегородской области, гражданин Нижегородской, Нижегородской, Электронный гражданин, компьютерной грамотности, Правительство Нижегородской, области, Электронный, сети интернет, проекта"
57,2014,Bogoraz,"социальные сети, социальная сеть, пользователь, социальные сеть, информация, пользователи, сервер, политика конфиденциальности, сеть, доступ","социальные сети, социальная сеть, пользователь, социальные сеть, информация, пользователи, сервер, политика конфиденциальности, сеть, доступ","социальные сети, социальной сети, сети, социальных сетей, социальных сетях, социальных, социальная сеть, пользователя, социальные, социальной"
58,2014,Borisov,"новая сцена, александринский театр, реализация, технологии, интернет, театральные представления, рис, жесты, театральное представление, реальный время","новая сцена, александринский театр, реализация, технологии, интернет, театральные представления, жесты, театральное представление, реальный время, процесс представления","Александринского театра, Новой сцене, Новой, сцене Александринского, театра, Александринского, AXIS, театральных, Wowza Streaming, Интернет"
59,2014,Borisov_Shustrova,"театр, интернет, спектакль, зритель, помощь, спектакли, театральная жизнь, современный театр, технологии, режиссёр","театр, интернет, спектакль, зритель, помощь, спектакли, театральная жизнь, современный театр, технологии, режиссёр","театр, театра, Современный театр, Интернет, разных, спектакля, театральной жизни, жизни, современного театра, помощью"
60,2014,Borisov_Zakharkina,"портал, новая сцена, плеер, возможность, трансляция, многопотоковое онлайн-вещание, александринский театр, технологии, реализация, использование","портал, новая сцена, плеер, возможность, трансляция, многопотоковое онлайн-вещание, александринский театр, технологии, реализация, использование","Новой сцены, трансляции, Новой, плеер, Портал Новой, возможность, Введение Старейший, сцены, портале, портала"
61,2014,Brodovskaya,"клуб, великие книги, школа, жизнь, участники исследования, участники, книги, время, возможность, социальные медиа","клуб, великие книги, школа, жизнь, участники исследования, участники, книги, время, возможность, социальные медиа","Школа великих, великих книг, книг, великих, Школа, исследования, участников, клубе, сообщений, участников исследования"
62,2014,Brodovskaya_Karzubov,"икт, интернет, развитие, индекс, социальные сети, политические системы, глобальная сеть, страна, проект, уровень развития","интернет, развитие, индекс, социальные сети, политические системы, глобальная сеть, страна, проект, уровень развития, сетевая готовность","Интернета, развития Интернета, развития, развития ИКТ, ИКТ, уровень развития, проникновения Интернета, Интернет-коммуникации, политических систем, политических"
63,2014,Brodovskaya_Siniakov,"интернет, жизнь, ценностные стереотипы, ценностные ориентации, семья, респонденты, качество, брак, ценностные ориентация, материальное благополучие","интернет, жизнь, ценностные стереотипы, ценностные ориентации, семья, респонденты, качество, брак, ценностные ориентация, материальное благополучие","ценностных ориентаций, молодежи, сети Интернет, Интернет, ценностных, Интернета, исследования, ценностные, жизни, среди"
64,2014,Chizhik,"сми, интернет, массовая информация, посты, аудитория, читательская аудитория, традиционные сми, пользователи, новости, сеть","интернет, массовая информация, посты, аудитория, читательская аудитория, пользователи, новости, сеть, новые медиа, новые медиа-формы","СМИ, массовой информации, информации, сети Интернет, традиционных СМИ, читательской аудитории, аудитории, сети, аудитории СМИ, Интернет"
65,2014,Chugunov,"электронное правительство, сми, тематический моделирование, тематика, темы, новостные сообщения, перплексити, слова, электронные услуги, повестка дня","электронное правительство, тематический моделирование, тематика, темы, новостные сообщения, перплексити, слова, электронные услуги, кластерный анализ, число","электронного правительства, новостных сообщений, тематического моделирования, правительства, электронного, СМИ, электронных услуг, услуг, анализа, сообщений"
66,2014,Danilina,"произведения, гк рф, авторские тексты, сила, учреждения, 35-фз, цифровая форма, учебные цели, согласие автора, выплаты вознаграждения","произведения, авторские тексты, сила, учреждения, цифровая форма, учебные цели, согласие автора, выплаты вознаграждения, цапенко, произведение","произведения, правовые положения, правовые, автора, авторских текстов, целях, согласия автора, положения, учебных целях, учебных"
67,2014,Dmitrieva,"исполнительная власть, сайт, оценка, федеральные органы, открытость, органы, показатели, экспертная оценка, открытый правительство, основа","исполнительная власть, сайт, оценка, федеральные органы, открытость, органы, показатели, экспертная оценка, открытый правительство, основа","исполнительной власти, органов исполнительной, открытости, власти, органов, органов власти, открытости органов, исполнительной, оценки открытости, федеральных органов"
68,2014,Dyakova,"коррупция, борьба, электронное правительство, информационные технологии, кпк, китай, использование, власть, государственное управление, учёт","коррупция, борьба, электронное правительство, информационные технологии, китай, использование, власть, государственное управление, учёт, необходимость","коррупцией, борьбы, локальная административная, административная традиция, власти, РАН Ссылки, органов власти, управления, электронного правительства, государственного управления"
69,2014,Filchenkov,"социальные медиа, предсказания, задача, выборы, стихийные протесты, результаты, критерий, социальные сети, организованные протесты, протесты","социальные медиа, предсказания, задача, выборы, стихийные протесты, результаты, критерий, социальные сети, организованные протесты, протесты","социальных медиа, социальных, выборов, предсказания, медиа, протестов, результатов выборов, Задача предсказания, является, протесты"
70,2014,Filippova,"сми, массовая коммуникация, бразилия, россия, рекламный рынок, телевидение, интернет, журналы, страны, развитие","массовая коммуникация, бразилия, россия, рекламный рынок, телевидение, интернет, журналы, страны, развитие, информация","массовой коммуникации, СМИ, России, Бразилии, коммуникации, общества, массовой, СМИ России, Аудитории СМИ, развития"
71,2014,Grigoryeva,"пожилые люди, работа, обучение, люди, старение, икт, пожилые икт, назначение пенсии, пенсия, возможность","пожилые люди, работа, обучение, люди, старение, назначение пенсии, пенсия, возможность, старшее возраст, среднее","пожилых ИКТ, пожилых людей, пожилых, ИКТ, людей, возраста, назначения пенсии, Университет ИТМО, работы, назначения"
72,2014,Grokhovskiy,"тип, строка, юникод, таблица, длина, санскр, корпус, уникальный идентификатор, лексическая база, интерфейс","строка, юникод, таблица, длина, санскр, корпус, уникальный идентификатор, лексическая база, интерфейс, тибетская грамматическая традиция","юникоде длиной, тип, тибетской грамматической, строка, тэг, юникоде, грамматической терминологии, TEI, грамматической, данных"
73,2014,Kalinichenko,"прогнозирование, число, спб, государственная власть санкт-петербурга, прогноз, оценка эффективности деятельности органов, социально-экономическое развитие региона, санктпетербург, социально-экономическое развитие санктпетербурга, социологические опросы","прогнозирование, число, государственная власть санкт-петербурга, прогноз, оценка эффективности деятельности органов, социально-экономическое развитие региона, санктпетербург, социально-экономическое развитие санктпетербурга, социологические опросы, основа данных","социально-экономического развития, развития региона, развития, государственной власти, органов государственной, прогнозирования, ИАО, региона, власти Санкт-Петербурга, Санкт-Петербурга"
74,2014,Kanygin,"пользователь, знание, представление, помощь, визуализация, вид, предопределённая структура, язык спецификации, социальное знание, случай","пользователь, знание, представление, помощь, визуализация, предопределённая структура, язык спецификации, социальное знание, случай, правила компиляции","знания, помощью, например, структуры, виде, пользователя, предопределенной структуры, представления, визуализации, управления"
75,2014,Kapterev,"система, профориентация, тест, склонности, разработка, дальнейшая работа, формирование, вид, частность, учёт","система, профориентация, тест, склонности, разработка, дальнейшая работа, формирование, частность, учёт, работа","тестирования, тестов, системы, профориентации, профессионального, профессии, профессий, личности, базы, результатов"
76,2014,Kazakov,"социальные сети, социальная сеть, социальные сетевые сервисы, реальные социальные сети, сервисы, пользователи, современные социальные сетевые сервисы, термин, субъект, система","социальные сети, социальная сеть, социальные сетевые сервисы, реальные социальные сети, сервисы, пользователи, современные социальные сетевые сервисы, термин, субъект, система","социальных сетей, социальных, социальных сетевых, Социальные сети, социальной сети, Интернет, реальных социальных, социальных интернет, Социальные, сервисов"
77,2014,Kolodin,"участники, тестирование, система, результаты, анкетирование, работа, клиенты, результат, доступ, анализ","участники, тестирование, система, результаты, анкетирование, работа, клиенты, результат, доступ, анализ","системы, опросов, проведения опросов, отчётов, данных, работы, отчёт, результаты, сервиса, Российской Академии"
78,2014,Koltsov,"тема, жж, слово, тематический моделирование, слова, тексты, модель, документ, социальные сети, темы","тема, слово, тематический моделирование, слова, тексты, модель, документ, социальные сети, темы, страна","тематического моделирования, текстов, корпуса текстов, темы, слов, Живого Журнала, слова, моделирования, корпуса, тематического"
79,2014,Koshcheeva,"глагол, учёт, устойчивые словосочетания, глагольно-именные словосочетания, выделение коллокаций, текст, контекст, частеречной принадлежность коллоката, увеличение ширины контекста, русский язык","глагол, учёт, устойчивые словосочетания, глагольно-именные словосочетания, выделение коллокаций, текст, контекст, частеречной принадлежность коллоката, увеличение ширины контекста, русский язык","выполнять, словосочетаний, глагольно-именных словосочетаний, глагола выполнять, устойчивых словосочетаний, выделения, глагола, частеречной принадлежности, глагольно-именных, коллоката"
80,2014,Kudinov,"электронное участие, аис, красивый петербург, мобильные технологии, помощь, граждане, мобильные устройства, государственная власть, городская среда, красивыйпетербург.рф","электронное участие, красивый петербург, мобильные технологии, помощь, граждане, мобильные устройства, государственная власть, городская среда, городские проблемы, решение","электронного участия, Красивый Петербург, электронного, участия, граждан, механизмов электронного, мобильных, АИС, Красивый, мобильных технологий"
81,2014,Kulik,"государство, граждане, общество, сша, демократия, сетевое общество, правление, интересы, социальные сети, участие","государство, граждане, общество, демократия, сетевое общество, правление, интересы, социальные сети, участие, россия","общества, демократии, власти, США, правления, граждан, партийной демократии, партии, сетевого общества, государства"
82,2014,Kuzmina,"учебный процесс, применение, икт, дистанционное обучение, студенты, сеть, возможность, образовательная деятельность, система, информационные технологии","учебный процесс, применение, дистанционное обучение, студенты, сеть, возможность, образовательная деятельность, система, информационные технологии, число","учебном процессе, обучения, образовательной деятельности, процессе, дистанционного обучения, деятельности, информационных технологий, ИКТ, технологий, является"
83,2014,Lavrentyev,"учебное процесс, смешанный обучение, студенты, blended learning, преподаватель, учебный процесс, формат, преподаватели, ран, возможность","учебное процесс, смешанный обучение, студенты, преподаватель, учебный процесс, формат, преподаватели, возможность, учебные материалы, учебные курсы","учебного процесса, Blended learning, смешанного обучения, обучения, учебного, процесса, Blended, учебного курса, learning, организации учебного"
84,2014,Lizunova,"медиапространство, c, медиа, социальное пространство, пространство, информационное пространство, информационное общество, п, идеи, массовая информация","медиапространство, медиа, социальное пространство, пространство, информационное пространство, информационное общество, идеи, массовая информация, понятие, информация","пространство, информационное пространство, медиапространства, медиа, информации, информационного общества, информационное, массовой информации, социальное пространство, информационного"
85,2014,Lyapin,"одиночество, полнотекстовый поиск, факт, распределённая среда, создание, проект, термины, поддержка, humanitariana, человек","одиночество, полнотекстовый поиск, факт, распределённая среда, создание, проект, термины, поддержка, человек, целое","полнотекстового поиска, поиска, полнотекстового, полнотекстового запроса, T-Libra, запроса, одиночество, рамках, распределенной среды, Университет ИТМО"
86,2014,Makarov,"библиотека, пгниу, пространство, читальные залы, фонды, оборудование, библиотекари, электронный каталог, электронная книговыдача, электронная библиотека","библиотека, пгниу, пространство, читальные залы, фонды, оборудование, библиотекари, электронный каталог, электронная книговыдача, электронная библиотека","библиотеки, ПГНИУ, университета, библиотека, Сушин Пермский, высшем образовании, библиотеке ПГНИУ, вуза, Пермского университета, библиотека Пермского"
87,2014,Mbogo,"интернет, современное общество, решение, система, научная электронная библиотека, рамки, научная информация, берлинская декларация, создание, публикация","интернет, современное общество, решение, система, научная электронная библиотека, рамки, научная информация, берлинская декларация, создание, публикация","Open Archives, Archives Initiative, научных, Open, Open Journal, Journal System, научной, современное общество, статей, Интернет"
88,2014,Noskov,"система, видеолекция, число, слайды, лекция, лектор, видео, трёхмерная графика, демонстрационный ряд, создание","система, видеолекция, число, слайды, лекция, лектор, видео, трёхмерная графика, создание, преподаватель","лекции, видео, МООК, лекций, Щеглов Новосибирский, мультимедиа лекций, например, МЛ-студии, демонстрационного ряда, типов"
89,2014,Peskova,"голосование, избиратель, электронное голосование, голос, выборы, интернет, система, помощь, использование, дистанционное электронное голосование","голосование, избиратель, электронное голосование, голос, выборы, интернет, система, помощь, использование, дистанционное электронное голосование","электронного голосования, голосования, электронного, избирателей, выборов, избиратель, дистанционного электронного, система, систем голосования, Интернет"
90,2014,Pimenov,"путеводитель, ссылки, интернет, рубрика, информация, тематические рубрики, предметная область, поиск информации, информационное поиск, environment control","путеводитель, ссылки, интернет, рубрика, информация, тематические рубрики, предметная область, поиск информации, информационное поиск, содержание","путеводителя, информации, Environment Control, рубрик, Conservation, ссылок, документов, консервации документов, поиска, тематических рубрик"
91,2014,Prokudin,"научные исследования, научная деятельность, система, информация, возможность, сервисы, пользователи, комплексная информационная система поддержки, фонды, публикации","научные исследования, научная деятельность, система, информация, возможность, сервисы, пользователи, комплексная информационная система поддержки, фонды, публикации","научных исследований, научной деятельности, научных, научной, поддержки научных, деятельности, системы, пользователей, исследований, информационной системы"
92,2014,Ryabchenko,"online-пространство, web, реализаторы, лидеры мнений, интернет, публичная политика, сенсоры, связь, пользователи, onlineпространство","реализаторы, лидеры мнений, интернет, публичная политика, сенсоры, связь, пользователи, читатели, сообщества, создание","web, сети, Интернет, online-социальных сетей, публичной политики, пользователей, связи, лидеры мнений, сообщества, пространства"
93,2014,Serebriakov,"предметная область, вещество, свойства, реляционная бд, единицы измерения, онтология, rdf, связывания, бд, таблицы","предметная область, вещество, свойства, единицы измерения, онтология, связывания, таблицы, классы, формат, исходные данные","предметной области, Linked Open, данных, LOD, предметной, области, пространстве LOD, QUDT, онтологии, RDF"
94,2014,Smirnov,"система, оптическое распознавание, разработанная система, отсутствие времени, ресурсы, распознавание, работа, основа, текст, рисунок","система, оптическое распознавание, разработанная система, отсутствие времени, ресурсы, распознавание, работа, основа, текст, рисунок","распознавания, результатов распознавания, результатов, системы, документов, OCR, ошибок распознавания, оптического распознавания, OCR системы, ошибок"
95,2014,Smorgunov,"сетевое научение, организационное научение, организация, обучение, научение, знания, электронное правительство, правительство, отношение, граждане","сетевое научение, организационное научение, организация, обучение, научение, знания, электронное правительство, правительство, отношение, граждане","научение, сетевое научение, организации, научения, организационное научение, Электронное правительство, электронного правительства, сетевого научения, правительства, сети"
96,2014,Soms,"публикация, тема, значение, ключевые слова, инфоресурс, темы, поправочная константа, показатели охвата, новые публикации, список","публикация, тема, значение, ключевые слова, инфоресурс, темы, поправочная константа, показатели охвата, новые публикации, список","показателей охвата, охвата, публикаций, охвата аудитории, показатели охвата, публикации, ключевых слов, охвата публикаций, новых публикаций, показателей"
97,2014,Tarumova,"сайт, московское университет, история, российская печать, ломоносов, журналы, журнал, газета, московские ведомости, ведомости","сайт, московское университет, история, российская печать, ломоносов, журналы, журнал, газета, московские ведомости, ведомости","Московского университета, российской печати, музей российской, печати, Виртуальный музей, Московского, Московские ведомости, Истории, периодических изданий, университета"
98,2014,Trakhtenberg,"информационные технологии, внедрение, медицинские информационные системы, угроза, сотрудники, женщина, проблемы, врачи, соответствие, преимущества","информационные технологии, внедрение, медицинские информационные системы, угроза, сотрудники, женщина, проблемы, врачи, соответствие, преимущества","информационных технологий, информационных систем, медицинских информационных, медицинских, информационных, систем, здравоохранения, медицинских систем, технологий, медицинских учреждений"
99,2014,Vidyasova,"открытые данные, россия, 2013 г, российская федерация, ульяновская область, 2014 г, портал, открытый правительство, открытые государственные данные, социальные медиа","открытые данные, россия, российская федерация, ульяновская область, портал, открытый правительство, открытые государственные данные, социальные медиа, тематика, государственная власть","открытых данных, данных, открытых, Российской Федерации, России, государственных данных, открытых государственных, открытого правительства, власти, Российской"
100,2014,Vozmishcheva,"студент, английский язык, интернет, информационная среда, высочайшая математика, билингвистический обучение, курсовые проекты, область, курс, информация","студент, английский язык, интернет, информационная среда, высочайшая математика, билингвистический обучение, курсовые проекты, область, курс, информация","английском языке, обучения, студентов, билингвистического обучения, английском, математики, высшей математики, студента, русском, языке"
101,2014,Vtiurina,"электронное правительство, портал, государственные услуги, единое портал, электронные услуги, создание, работа, россия, сми, социальные сети","электронное правительство, портал, государственные услуги, единое портал, электронные услуги, создание, работа, россия, социальные сети, зарегистрированные пользователи","государственных услуг, электронного правительства, Единого портала, портала государственных, услуг, электронных услуг, портала, государственных, электронного, правительства"
102,2014,Yatsenko,"атомная спектроскопия, электронная структура атомов, гротриана, спектральные данные, исы, развитие, переходы, спектральная информация, информационные системы, информационная система","атомная спектроскопия, электронная структура атомов, гротриана, спектральные данные, развитие, переходы, спектральная информация, информационные системы, информационная система, база данных","данных, атомной спектроскопии, спектральных данных, диаграмм Гротриана, систем, спектроскопии, ЭСА, атомной, Электронная структура, атомов"
103,2014,Zakharov,"n, частота, слово, словарь, ранг, русский язык, компьютерная лингвистика, лингвистика, корпус, коллокат","частота, слово, словарь, ранг, русский язык, компьютерная лингвистика, лингвистика, корпус, коллокат, анализ","мер ассоциации, мер, словарь, ассоциации, основе, Меры, основе мер, Sketch Engine, различных мер, основе различных"
104,2014,Zalesskaya,"текст, коллокат, ключевое слово n, n, f(n,c, корпус, сочетание, программа, f(n, f(c","текст, коллокат, корпус, сочетание, программа, ключевое слово, частота, наша программа, частота встречаемости, пара","ключевого слова, мер ассоциации, коллокаций, выявления коллокаций, ассоциации, слова, сочетаний, встречаемости ключевого, тексте, мер"
105,2015,Adaskina,"документы, использование, биграммы, эксперт, шаг, просмотренные документы, работа, синтаксические связь, классификация, классификатор","документы, использование, биграммы, эксперт, просмотренные документы, работа, синтаксические связь, классификация, классификатор, помощь","документов, классификации, выборки, параметров, просмотренных документов, задачи классификации, классификации текстов, связи, полноты, синтаксические связи"
106,2015,Alexeeva,"словарь, темы, список, тексты, слово, тональный словарь, такой образ, окрашенные слова, тематическое моделирование, социально-политическая тематика","словарь, темы, список, тексты, слово, тональный словарь, такой образ, окрашенные слова, тематическое моделирование, социально-политическая тематика","слов, словаря, текстов, вероятностных слов, документов, окрашенных слов, слова, социально-политической, словарь, коллекции"
107,2015,Artemova,"слово, парус, форма, текст, предметная область, латинские парус, такой образ, прямые паруса, построение онтологии, специфика","слово, парус, форма, текст, предметная область, латинские парус, такой образ, прямые паруса, построение онтологии, специфика","паруса, Латинские паруса, Российской Федерации, Университет ИТМО, предметной области, слова, текстов, Таким образом, Латинские, терминов"
108,2015,Belkin,"область знаний, историческая демография, семантическая сеть, элементарные знания, сложные знания, предметная область, фрагменты, использование, сеть, классы","область знаний, историческая демография, семантическая сеть, элементарные знания, сложные знания, предметная область, фрагменты, использование, сеть, классы","области знаний, знаний, области, Историческая демография, сети, элементарных знаний, Историческая, сети области, предметной области, сетей"
109,2015,Boyarsky,"словосочетание, прил, предлог, предложный оборот, слово, оборот, глагол, число, классы, союз","словосочетание, прил, предлог, предложный оборот, слово, оборот, глагол, число, классы, союз","следует сущ, сущ, стоит сущ, словосочетанием следует, прил, предлог, словосочетания стоит, словосочетанием, следует, стоит"
110,2015,Erkimbaev,"рис, онтология, uds, свойства, класс, материалы, форма, унт, онтологии, нано-объекты","онтология, свойства, класс, материалы, форма, онтологии, нано-объекты, классы, химия, состав","UDS, Онтологии, классов, свойств, рис, например, наноматериалов, области, ChEBI, описания"
111,2015,Kanygin,"си ран, фано, артефакты, знание, контекстно-ориентированная онтология, рис, рид ран, сотрудники, асу, частность","фано, артефакты, знание, контекстно-ориентированная онтология, сотрудники, частность, объекты, житель города, доктор наук, представление","РАН, РИД РАН, АСУ РИД, знания, ДОКТОР НАУК, ФАНО, ЖИТЕЛЬ ГОРОДА, НАУК, РИД, АСУ"
112,2015,Leontyeva,"онтология, система, текст, системы, понимание, анализ, концепты, онтологическая семантика, структура, ипс","онтология, система, текст, системы, понимание, анализ, концепты, онтологическая семантика, структура, понятия","текста, Онтологии, системы АПТ, АПТ, знаний, понимания текста, системы, Онтологии знаний, понимания, текстов"
113,2015,Pevzner,"сообщение, пользователь, разное время, события, поток, текстовые сообщения, подобные сообщения, кластер пользователя, входное поток, читатель","сообщение, пользователь, разное время, события, поток, текстовые сообщения, подобные сообщения, кластер пользователя, входное поток, читатель","потока, ВАЛЕРИЯ РУБАШКИНА, СВЕТЛОЙ ПАМЯТИ, ПАМЯТИ МОЕГО, МОЕГО ДРУГА, ДРУЖЕСТВЕННОГО ОППОНЕНТА, ОППОНЕНТА ВАЛЕРИЯ, web sites, сообщения, пользователя"
114,2015,Pronoza,"данная работа, машинное обучение, опорные векторы, качество еды, таблица, рестораны, отзывы, метод, наивный байесовский классификатор, признаки","данная работа, машинное обучение, опорные векторы, таблица, рестораны, отзывы, метод, наивный байесовский классификатор, признаки, обслуживание","анализа тональности, отзывов, признаков, анализа, аспектов, корпуса, корпуса отзывов, тональности отзывов, данной работе, анализа корпуса"
115,2015,Salin,"семантическая кластеризация, гипертекстовая структура, статистика переходов, гипертекстовые документы, основа, методы, разработка, работа, объекты, метод","семантическая кластеризация, гипертекстовая структура, статистика переходов, гипертекстовые документы, основа, методы, разработка, работа, объекты, метод","семантической кластеризации, кластеризации, гипертекстовой структуры, семантической, переходов, статистики переходов, гипертекстовой, кластеризации гипертекстовой, структуры, метод семантической"
116,2015,Zakharov,"корпус, русский язык, корпусная лингвистика, корпусы, словарь, слово, объём, мастер, большие корпусы, частота","корпус, русский язык, корпусная лингвистика, корпусы, словарь, слово, объём, мастер, большие корпусы, частота","данных, русского языка, языка, больших, НКРЯ, Google Books, корпусов, данные, сочетаний, больших корпусов"
117,2016,Azarova,"русский язык, синсеты, yarn, russnet, два ресурсов, интеграция, pwn, такой образ, настоящее время, тезаурус","русский язык, синсеты, интеграция, такой образ, настоящее время, тезаурус, ресурс, рамки, прилагательные, наречия","PWN, русского языка, языка, YARN, ресурсов, тыс, данных, RussNet, тезаурус, проекта"
118,2016,Godgildieva,"русский язык, глагол, семантические роли, пример, актанты, предложения, глаголы, второе порядок, описание, лексема","русский язык, глагол, семантические роли, пример, актанты, предложения, глаголы, второе порядок, описание, лексема","русского языка, языка, Verbalex, русского, глагола, чешского языка, словаря, словаря валентностей, валентности, семантических ролей"
119,2016,Khokhlova,"корпус, русский язык, тексты, корпусы, интернет, разные языки, список, сайты, объём, домены","корпус, русский язык, тексты, корпусы, интернет, разные языки, список, сайты, объём, домены","русского языка, Araneum Russicum, млн слов, русского, текстов, корпус, языка, слов, корпуса, тексты"
120,2016,Masevich,"частотное поведение, русский язык, война, события, значение, число, годы, время, лексические единицы, пример","частотное поведение, русский язык, война, события, значение, число, годы, время, лексические единицы, пример","Ngram Viewer, Google books, частотного поведения, Books Ngram, лексических единиц, Google, русского языка, текстов, Войны, исследования"
121,2016,Moskvina,"gender=?g, number=?n, правила, предложения, категориальная грамматика, pers=?p, nltk, синтаксический анализ, русский язык, разбор","правила, предложения, категориальная грамматика, синтаксический анализ, русский язык, разбор, грамматика, число, слово, основа","NUMBER, CASE, GENDER, NLTK, PERS, правила, синтаксического, грамматики, например, предложения"
122,2016,Pivovarova,"n, adj, термины, данный исследование, prep, франц, русский языки, переводные эквиваленты, два существительных, частота встречаемости","термины, данный исследование, франц, русский языки, переводные эквиваленты, частота встречаемости, корпус текстов, установление, терминологические словосочетания, переводные соответствия","Adj, корпуса текстов, текстов, переводных, корпуса, данного исследования, терминов-кандидатов, терминологических, термины, выделения"
123,2016,Popov,"вес, синтаксический анализ, синтаксическая связь, лексическая сочетаемость, критерий, выполнение, синтаксические связи, выбор, взвешивание, алгоритм","синтаксический анализ, синтаксическая связь, лексическая сочетаемость, критерий, выполнение, синтаксические связи, выбор, взвешивание, алгоритм, такой образ","синтаксического анализа, синтаксической связи, структуры, анализа, CYK, вес, алгоритм CYK, составляющих, синтаксических связей, синтаксического"
124,2017,Blinova,"петровы, сидоровы, именные группы, кузнецовы, n.gen, формы pl.pej, тип, конструкция, элементы контекста, результаты поиска","петровы, сидоровы, именные группы, кузнецовы, конструкция, элементы контекста, результаты поиска, настоящая статья, примеры, множественность","типа, Pl.Pej, именных групп, форм, множественного пейоративного, формы, сидоровых, множественного, групп, форм Pl.Pej"
125,2017,Boyarsky,"словосочетание, существительное, слово, анализ, сочетание предлога, ближайшее контекст, удалённый контекст, предлог, корень, класс","словосочетание, существительное, слово, анализ, сочетание предлога, ближайшее контекст, удалённый контекст, предлог, корень, класс","словосочетание, ближайшем контексте, предлога, следует слово, сочетанием предлога, слово, является словосочетание, контексте, ним следует, Наречные обороты"
126,2017,Dubovik,"тексты, существительное, текст, публицистический стиль, стиль, художественные тексты, таблица, деловое стиль, данный параметр, работа","тексты, существительное, текст, публицистический стиль, стиль, художественные тексты, таблица, деловое стиль, данный параметр, работа","текстов, стиля, стилей, тексты, стиль, делового стиля, значение, существительное, текста, текстах"
127,2017,Goryunova,"предметная область, отношения, онтология, классы, ассоциация, специализированная предметная область, понятия, опро, связь, роль","предметная область, отношения, онтология, классы, ассоциация, специализированная предметная область, понятия, опро, связь, роль","предметной области, предметной, специализированной предметной, области, ЯЗЫКА UML, ОНТОЛОГИЙ, ИСПОЛЬЗОВАНИЕ ЯЗЫКА, связана, модели предметной, классификации онтологий"
128,2017,Khokhlova,"n, биграмм, c, f, сравнение, работа, меры, mi, результаты, время","биграмм, сравнение, работа, меры, результаты, время, другие меры, данная мера, числительные, корпус","мера, биграмм, меры, мер, сочетаний, результаты, количество, данная мера, количество сочетаний, наибольшее количество"
129,2017,Kislov,"буквы, китай, китайский язык, значение, иероглиф, современный китайский язык, слово, цифры, языковой игра, китайское язык","буквы, китай, китайский язык, значение, иероглиф, современный китайский язык, слово, цифры, языковой игра, китайское язык","вместо, китайском языке, букв, китайского языка, языка, китайском, языке, Китае, иероглифов, китайского"
130,2017,Kriukova,"тексты, друг, близость текстов, значение, семантическая близость текстов, результат, оценка, близость, корпус, русский язык","тексты, друг, близость текстов, значение, семантическая близость текстов, результат, оценка, близость, корпус, русский язык","близости текстов, текстов, семантической близости, близости, метрик близости, DKPro Similarity, Similarity, семантической, оценки, метрик"
131,2017,Kurochkina,"коллокация, словари, база, кандидаты, коллокатор, золотое стандарт, слово, меры, группа, корпус","коллокация, словари, база, кандидаты, коллокатор, золотое стандарт, слово, меры, группа, корпус","коллокаций, Коллокации, устойчивых словосочетаний, слова, словарях, кандидаты, база, золотого стандарта, извлечения коллокаций, словосочетания"
132,2017,Martynenko,"частотные словари, порядковые статистики, порядковые статистика, таблы, статистика, состоятельность, ранжированный ряд, медиана, друг, статистические оценки","частотные словари, порядковые статистики, порядковые статистика, таблы, статистика, состоятельность, медиана, друг, статистические оценки, ранговое распределение","порядковых статистик, частотных словарей, объема выборки, объема, статистик, частотных, статистики, порядковых, словарей, выборки"
133,2017,Masevich,"середина, сталин, графика, продолжительные аплодисменты, рис, политическая лексика, частотность, словосочетание, слово, начало","середина, сталин, графика, продолжительные аплодисменты, политическая лексика, частотность, словосочетание, слово, начало, биграммы","Аплодисменты, Google Books, Продолжительные аплодисменты, Бурные аплодисменты, видно, Санкт-Петербургский государственный, сталинские, частотного поведения, период, временной период"
134,2017,Ogay,"частотные словари, визуализация, языковой информация, частность, работы, работа, авторские частотные словари, два учёных, частотность, использование","частотные словари, визуализация, языковой информация, частность, работы, работа, авторские частотные словари, частотность, использование, друг","МОДЕЛИРОВАНИЕ СЛОВАРЕЙ, СЛОВАРЕЙ ОПИСАНИЙ, языковой информации, ОПИСАНИЙ ДОКЕМБРИЙСКИХ, частотных словарей, ВЯИ, информации, СЛОВАРЕЙ, частотные словари, информации Важной"
135,2017,Popov,"чёрные лебеди, анализ, аномальные документы, поиск, задача, синтаксические связи, поиск аномалий, два лемм, вес документа, ход","чёрные лебеди, анализ, аномальные документы, поиск, задача, синтаксические связи, поиск аномалий, тексты, список, слово","ЧЕРНЫЕ ЛЕБЕДИ, слов, Задача, связей, ТЕКСТА, анализа, документов, аномалий, текстов, корпуса"
136,2017,Popova,"беседа, устная речь, такой образ, термин, случаи, работа, пример, материал, коллекция, единица","беседа, устная речь, такой образ, термин, случаи, работа, пример, материал, коллекция, единица","устной речи, речи, единиц, единицы, такой-сякой, Таким образом, единицы такой-сякой, Беседа, Эхо Москвы, коллекции НКРЯ"
137,2017,Sedova,"биграмм, корпус текстов, слово, существительное, корпус, выделение, биграммы, рамки, тематическая модель, язык","биграмм, корпус текстов, слово, существительное, корпус, выделение, биграммы, рамки, тематическая модель, язык","текстов, слов, корпуса текстов, биграмм, модели, корпуса, алгоритма, модель, тематической модели, слова"
138,2017,Smirnova,"лексическая база данных, существительное, тибетский язык, русский язык, база данных, отношение, выражение, p, человек, концепты","лексическая база данных, существительное, тибетский язык, русский язык, база данных, отношение, выражение, человек, концепты, компоненты","базе данных, лексической базе, данных, тибетском языке, лексической, базе, Например, языке, композитов, тибетском"
139,2017,Sokolova,"словосочетание, словосочетания, ключевые слова, русский язык, ключевые слово, материал, работа, kea, обучающая выборка, русскоязычные тексты","словосочетание, словосочетания, ключевые слова, русский язык, ключевые слово, материал, работа, обучающая выборка, русскоязычные тексты, кандидаты","ключевых слов, слов, KEA, слова, Ключевые слова, словосочетания, ключевых, работы, алгоритма KEA, работы KEA"
140,2017,Temirova,"корпус, язык, развитие, половецко-кыпчакский, акаев, кавказская языковая семья, такой образ, тексты, работа, представители","корпус, язык, развитие, половецко-кыпчакский, акаев, кавказская языковая семья, такой образ, тексты, работа, представители","МГУ имени, АБУСУПЬЯНА АКАЕВА, языковая семья, КОРПУС, ИМЕНИ АБУСУПЬЯНА, КОРПУС ИМЕНИ, ПОЛИЛИНГВАЛЬНЫЙ КОРПУС, НАЦИОНАЛЬНЫЙ ПОЛИЛИНГВАЛЬНЫЙ, Москва Несмотря, корпуса"
141,2017,Zaides,"пересказ, юр, экстры, студы, описание, рассказ, метакоммуникативная вставка, своб, м, смех","пересказ, экстры, студы, описание, рассказ, метакоммуникативная вставка, своб, смех, монолог, метакоммуникативные вставки","низкий УРК, УРК, высокий УРК, средний УРК, низкий, пересказ несюж., Метакоммуникативная вставка, пересказ сюж., экстр., пересказ"
142,2017,Zakharov,"хозяева, предлог, предлоги, русский язык, слуги, синтаксический словарь, семантические теги, золотова, семантическая разметка, первообразные предлоги","хозяева, предлог, предлоги, русский язык, слуги, синтаксический словарь, семантические теги, золотова, семантическая разметка, первообразные предлоги","предлогов, русского языка, значения, значения предлогов, первообразных предлогов, текста, языка, семантики предлогов, значения предлога, семантических"
143,2018,Azarova,"предлоги, предлог, предложные конструкции, первообразные предлоги, посредство, помощь, дорога, семантическая рубрика, русский язык, производные предлогов","предлоги, предлог, предложные конструкции, первообразные предлоги, посредство, помощь, дорога, семантическая рубрика, русский язык, производные предлогов","предложных конструкций, предлогов, сквозь, ipm, конструкций, предложных, Предлог, производных предлогов, Производный предлог, предлога"
144,2018,Belov,"корпус, русский язык, тексты, частность, др, платные услуги, документы, договоры, локальные документы, текст","корпус, русский язык, тексты, частность, платные услуги, документы, договоры, локальные документы, текст, состав","текстов, русского языка, документов, Корпус, документы, правила, локальных документов, языка, правила поведения, например"
145,2018,Boikov,"рифмы, стиховой текст, г, рифмующиеся слова, ы, созвучие, ã□d□d, ã□d■d, ã■d□d, ã■d■d","рифмы, стиховой текст, рифмующиеся слова, созвучие, сверка строк, заударная часть, точность, рифма, поэтология, поиск","стихового текста, рифмующихся слов, согласных, рифмы, рифма, слов, текста, кортежей согласных, гласных, стихового"
146,2018,Chekmeneva,"слово, цвет, сочетание, цветообозначение, синестетические метафоры, поэтический подкорпус, наше исследование, цветы, прилагательные, корпус","слово, цвет, сочетание, цветообозначение, синестетические метафоры, поэтический подкорпус, наше исследование, цветы, прилагательные, корпус","цвет, сочетания, цвета, красный, метафоры, частотными оказались, белый, синий, фиолетовый, слово"
147,2018,Karyaeva,"извлечение, термин, википедия, предметная область, термины, использование, лексико-синтаксические шаблоны, часть, работа, семантические отношения","извлечение, термин, википедия, предметная область, термины, использование, лексико-синтаксические шаблоны, часть, работа, семантические отношения","Википедии, отношений, отношения, извлечения, Отношение, предметной области, терминов, извлечения отношений, отношения меронимии, русской Википедии"
148,2018,Khokhlova,"сочетаемость, информация, база данных, словарь, словари, надежда, русский язык, возможность, таблица слов, существительное","сочетаемость, информация, база данных, словарь, словари, надежда, русский язык, возможность, таблица слов, существительное","данных, сочетаемости, база данных, языка, русского языка, словосочетания, token start, слов, представлены, база"
149,2018,Kirillova,"разметка, pymorphy2, результаты, полная морфологическая разметка, частеречной разметка, система, обучающий корпус, тексты, текст, такой образ","разметка, результаты, полная морфологическая разметка, частеречной разметка, система, обучающий корпус, тексты, текст, такой образ, русский язык","NLTK, разметки, Universal Dependencies, морфоанализатора, Dialogue Evaluation, НКРЯ, текстов, работы морфоанализатора, частеречной разметки, OpenCorpora"
150,2018,Kogan,"корпус, лексические пучки, специальные цели, английский язык, список, немецкое язык, немецкий язык, корпусный менеджер, слова, antconc","корпус, лексические пучки, специальные цели, английский язык, список, немецкое язык, немецкий язык, корпусный менеджер, слова, частотные слова","слов, лексических пучков, частотных слов, the, лексических, языка, специальных целей, корпуса, пучков, частотных лексических"
151,2018,Martynenko,"рассказ, русский язык, русский рассказ, ю, жанр, век, русская формальная школа, русские писатели, сторона, произведения","рассказ, русский язык, русский рассказ, жанр, русская формальная школа, русские писатели, сторона, произведения, основа, лингвист","антологии русского, антологии, русского, русского языка, русского рассказа, языка, русской, рассказа, русской формальной, литературы"
152,2018,Masevich,"рис, фамилия, имя, графика, форма, кривые, кривая, товарищ, сталин, ельцин","фамилия, графика, форма, кривые, кривая, товарищ, сталин, ельцин, частотное поведение, хрущёв","Google Books, Winston Churchill, Ngram Viewer, Books Ngram, Churchill, рис, частотного поведения, имен, рис., кривые"
153,2018,Mikoni,"отношение, пример, a, понятие, объём, æ, b, è, понятие a, агрегат","отношение, пример, понятие, объём, агрегат, роль, женщина, содержание, связь, понятия","понятия, понятий, Понятие, связи, содержание понятия, является, Отношение, связь, деления, abi"
154,2018,Mochalova,"предложения, вопросно-ответная система, работа, лес, символ, x, пример, список, синтаксема, онтология","предложения, вопросно-ответная система, работа, символ, пример, список, синтаксема, онтология, море, узлы онтологии","текста, онтологии, itfru, системы, вопросно-ответной системы, частей текста, обработки текста, ПРИЗНАК, ДЕЙСТВИЕ, СИМВОЛ"
155,2018,Raikov,"когнитивная модель, глубокое обучение, настоящая работа, нейронная сеть, большие данные, число, факторы, учёт, участники, рисунок","когнитивная модель, глубокое обучение, настоящая работа, нейронная сеть, большие данные, число, факторы, учёт, участники, рисунок","когнитивной модели, модели, когнитивной, настоящей работе, принятия решения, решения, данных, глубокого обучения, документов, факторов"
156,2018,Sagmanova,"вопросительные реплики, опора, информант, первичная функции, структура, материал, количество, ударные слоги, сборник материалов, русский язык","вопросительные реплики, опора, информант, первичная функции, структура, материал, количество, ударные слоги, сборник материалов, русский язык","ВОПРОСИТЕЛЬНЫХ РЕПЛИК, РЕПЛИК, КРАТКИХ ВОПРОСИТЕЛЬНЫХ, ВОПРОСИТЕЛЬНЫХ, ОСОБЕННОСТИ РЕАЛИЗАЦИИ, РЕАЛИЗАЦИИ КРАТКИХ, РЕЧИ, реализации вопросительных, устной речи, ДИАЛОГИЧЕСКОЙ РЕЧИ"
157,2018,Sampetova,"слово, замена, w, автоматическое исправление опечаток, буква, клавиатура, вероятность, социальные сети, русский язык, каждое слово","слово, замена, автоматическое исправление опечаток, буква, клавиатура, вероятность, социальные сети, русский язык, каждое слово, триграмм","ИСПРАВЛЕНИЯ ОПЕЧАТОК, АВТОМАТИЧЕСКОГО ИСПРАВЛЕНИЯ, РЕАЛИЗАЦИЯ АЛГОРИТМА, ОПЕЧАТОК, ИСПРАВЛЕНИЯ, АЛГОРИТМА, АВТОМАТИЧЕСКОГО, слово, слова, РУССКОЯЗЫЧНЫХ ТЕКСТАХ"
158,2018,Shukshina,"русский язык, группа, основные цвета, словарь, слово, слова, процент употребления, цвет, оттенки, значение","русский язык, группа, основные цвета, словарь, слово, слова, процент употребления, цвет, оттенки, значение","основных цветов, русского языка, слова, слов, цвета, употребления, цветов, группы, значений, основных"
159,2019,Antipenko,"слово, русский язык, расы, социальные сети, ассоциативный эксперимент, социальная сеть facebook, реакция, данные, языковой сознание, модель","слово, русский язык, расы, социальные сети, ассоциативный эксперимент, реакция, данные, языковой сознание, модель, корпус текстов","русского языка, РАС, языка, слов, слова, РДТ, сети Facebook, Facebook, данных, русского"
160,2019,Boikov,"икт, место, слово, слоговой объём, ударение, строка, объёмные показатели, ударный слог, междуиктовые интервалы, икты","место, слово, слоговой объём, ударение, строка, объёмные показатели, ударный слог, междуиктовые интервалы, икты, пропуск ударения","имеет место, слоговым объемом, min, max, икте, Объемные показатели, междуиктовых интервалов, Стих, место ударение, слова"
161,2019,Boyarsky,"слово, словарь, остров, прописная буква, река, город, некоторые случаи, целевое слово, топоним, предложение","слово, словарь, остров, прописная буква, река, город, некоторые случаи, целевое слово, топоним, предложение","слово, прописной буквы, слова, словаре, слов, некоторых случаях, случаях, целевое слово, топонимов, название"
162,2019,Chekmeneva,"музыка, метафора, слово, метафоры, область цели, человек, корпус, мелодия, дискурс, звук","музыка, метафора, слово, метафоры, область цели, человек, корпус, мелодия, дискурс, звук","области цели, Метафора, области, метафоры, музыка, слова, является, области источника, цели, Метафора является"
163,2019,Ivanova,"игра, слово, глаголы, видеоигра, военные игры, сша, россия, военная тематика, игры, война","игра, слово, глаголы, видеоигра, военные игры, россия, военная тематика, игры, война, позитивная коннотация","игры, глаголы, США, мировой войны, Первой мировой, Видеоигры, видеоигр, военные игры, войны, играх"
164,2019,Khokhlova,"результаты, словарь, меры, совместная встречаемость, точность, коллокация, частота, хи-квадрат, оценка, mi2","результаты, словарь, меры, совместная встречаемость, точность, коллокация, частота, хи-квадрат, оценка, словосочетание","результаты, мер, словосочетаний, меры, совместной встречаемости, коллокации, Фишера, мер ассоциации, данных, например"
165,2019,Komarova,"корпус, корпусная лингвистика, соса, поиск, идиом, идиоматические выражения, изучение, учебные пособия, английский язык, фразеологизмы","корпус, корпусная лингвистика, соса, поиск, идиом, идиоматические выражения, изучение, учебные пособия, английский язык, фразеологизмы","корпусе, фразеологизмов, корпусе СОСА, поиска, фразеологических единиц, единиц, идиоматических выражений, языка, СОСА, корпусной лингвистики"
166,2019,Martynenko,"предложения, таблы, мартыненко, синтаксические фигуры, целое, закон, ранговые распределения, золотое сечение, зеркальная симметрия, сологуба","предложения, таблы, мартыненко, синтаксические фигуры, целое, закон, ранговые распределения, золотое сечение, зеркальная симметрия, сологуба","предложения, членов предложения, фигур, табл, синтаксических фигур, Мартыненко, Бехагеля, предложения следует, структуры, членов"
167,2019,Masevich,"прилагательные, цвет, слово, семантический поле, семантические поля, поле, семантическое поле, рис, частотность, фрумкина","прилагательные, цвет, слово, семантический поле, семантические поля, поле, семантическое поле, частотность, фрумкина, тексты","прилагательных цвета, цвета, прилагательных, семантического поля, поля, семантических полей, семантическое поле, поле, полей, семантических"
168,2019,Mikoni,"управление, определение, устойчивость, слово, смысл, объект управления, субъект управления, система управления, система, понятия","управление, определение, устойчивость, слово, смысл, объект управления, субъект управления, система управления, система, понятия","управления, объекта управления, понятия, объекта, понятий, является, объект, система управления, субъект управления, определения"
169,2019,Moskvina,"предлог, значение, запрос, предложные конструкции, база данных, предлоги, список, корпусы, корпус, конструкция","предлог, значение, запрос, предложные конструкции, база данных, предлоги, список, корпусы, корпус, конструкция","предлогов, данных, базы данных, предложных конструкций, конструкций, предлога, предложных, значения, базы, значения предлогов"
170,2019,Perminov,"атрибут, атрибуты, онтология, пользователь, интерфейс, метрики, ui, owl, связь, отношения","атрибут, атрибуты, онтология, пользователь, интерфейс, метрики, связь, отношения, предметная область, пользовательский интерфейс","метрик, Атрибут, интерфейса, является, взаимодействия, интерфейс, онтология, области, количество, OWL"
171,2019,Popova,"прагматические маркеры, речь, случай, помощь, п, материал, время, учитель, таблы, рамки","прагматические маркеры, речь, случай, помощь, материал, время, учитель, таблы, рамки, общение","прагматических маркеров, речи, маркеров, прагматических, говорящего, роли, корпусных данных, устной речи, единиц, социальных"
172,2019,Zhang,"империя, интеллект-карта, программа, семантические поля, власть, русский язык, государство, рис, толковый словарь, элементы","империя, интеллект-карта, программа, семантические поля, власть, русский язык, государство, толковый словарь, элементы, основа","империя, русского языка, языка, Толковый словарь, семантических полей, интеллект-карты, Словарь русского, словарь, Sketch Engine, является"
173,2020,Bakhvalov,"правила, правило, ошибка, подходы, основа, набор данных, машинное обучение, ошибки, редактор, детектор","правила, правило, ошибка, подходы, основа, набор данных, машинное обучение, ошибки, редактор, детектор","ошибок, данных, правил, генерации правил, правила, набора данных, правило, ошибки, генерации, набора"
174,2020,Grebennikov,"целое, н, п, корпус, век, русский язык, л, чехов, материалы, материал","целое, корпус, русский язык, чехов, материалы, материал, бунин, андреев, частотный словарь, русские рассказы","русского языка, языка, рассказов, русских рассказов, целом, русского, Корпуса, словарей, частотных, слов"
175,2020,Khokhlova,"машинное обучение, русский язык, слово, работа, основа, лексические конструкции, существительное, оценка, методы, adj","машинное обучение, русский язык, слово, работа, основа, лексические конструкции, существительное, оценка, методы, словарь","машинного обучения, словосочетаний, слова, машинного, обучения, русского языка, коллокаций, Методы, слов, лексических конструкций"
176,2020,Korablinov,"сущность, вопросно-ответный поиск, список, вопрос, базы знаний, фрагменты, токены, задание, время, краудсорсинговая платформа","сущность, вопросно-ответный поиск, список, вопрос, базы знаний, фрагменты, токены, задание, время, краудсорсинговая платформа","сущностей, вопросно-ответного поиска, знаний, сущности, данных, базам знаний, является, кандидатов, список, списка"
177,2020,Kuznetsova,"корпус, студенты, биотехнология, корпус now, соса, специальные цели, курс, корпусы, английский язык, специальность","корпус, студенты, биотехнология, соса, специальные цели, курс, корпусы, английский язык, специальность, работа","корпуса NOW, NOW, корпуса, специальных целей, слов, корпусов, Биотехнология, студентов, СОСА, обучения"
178,2020,Mikoni,"менеджмент качества, слово, c, отношение, качество, a, управление, работа, x, определение понятия","менеджмент качества, слово, отношение, качество, управление, работа, определение понятия, функция, роль, организация","определения понятия, понятия, менеджмент качества, определения, слова, качества, понятий, менеджмент, подход, слов"
179,2020,Rogov,"достоевский, м, ф, время, н, текст, существительное, код, анализ, тексты","достоевский, время, текст, существительное, анализ, тексты, сильные позиции текста, эпоха, фрагменты, работа","текста, текстов, частей речи, сильных позициях, речи, Достоевский, позиций текста, сильных, сильных позиций, существительное"
180,2020,Sokolova,"ядро, кн, b, частность, тексты, дискурсивная разметка, эда, разметка, contrast, c","ядро, частность, тексты, дискурсивная разметка, разметка, первый случай, структура, сравнение, отношения, статья","например, корпуса Ru-RSTreebank, текстов, Ru-RSTreebank, текста, Высшая школа, отношений, отношения, корпуса, разметки"
181,2021,Antopolskii,"лир, clarin, создание, исследователи, поиск, число, технологии, стандарты, разработка, область","создание, исследователи, поиск, число, технологии, стандарты, разработка, область, сервисы, россия","ЛИР, CLARIN, российских ЛИР, данных, области ЛИР, Количество ЛИР, например, использование ЛИР, Лингвистические, созданию ЛИР"
182,2021,Boyarsky,"фразем, подгруппа, предложные обороты, фраземы, хозяин, родительный падеж, слово, предлог, группа, пределы","фразем, подгруппа, предложные обороты, фраземы, хозяин, родительный падеж, слово, предлог, группа, пределы","предложные обороты, слов, обороты, фраземы, оборотов, например, сочетанием слов, предложных оборотов, является, предложные"
183,2021,Chizhik,"рис, lsa, документ, lda, тематический моделирование, новостные анонсы, тема, распределение, матрица, такой образ","документ, тематический моделирование, новостные анонсы, тема, распределение, матрица, такой образ, набор данных, каждое слово, тексты","слов, данных, LDA, LSA, количество слов, набор данных, тематического моделирования, темы, количество, набор"
184,2021,Golitsina,"элементарные факты, сущность, отношения, класс, ситуативные отношения, определение понятия, формирование, тексты, связь, семантический поисковый образ","элементарные факты, сущность, отношения, класс, ситуативные отношения, определение понятия, формирование, тексты, связь, семантический поисковый образ","элементарных фактов, определений понятий, отношений, поискового образа, например, Определение понятия, определений, элементарных, связь, текста"
185,2021,Maksimov,"сущность, граф онтологии, e, такой образ, соответствие, прорыв, документ, информационное поиск, графы знаний, текст","сущность, граф онтологии, такой образ, соответствие, прорыв, документ, информационное поиск, графы знаний, текст, совокупность","поиска, онтологии, позволяет, информационного поиска, вершин, механизмов поиска, графа онтологии, текста, механизма поиска, решения"
186,2021,Mengliev,"узбекский язык, билан, морфологический анализатор, грамматические формы, морфоанализатор, значение, база данных, структура, вспомогательный предлог, таблы","узбекский язык, билан, морфологический анализатор, грамматические формы, морфоанализатор, значение, база данных, структура, вспомогательный предлог, таблы","узбекского языка, языка, узбекского, морфологического анализатора, база данных, морфологического, данных, морфоанализатора узбекского, анализатора, билан"
187,2021,Mikoni,"слово, смысл, определение понятия, термин, понятие, читатель, работа, предложения, случай, образ","слово, смысл, определение понятия, термин, понятие, читатель, работа, предложения, случай, образ","понимания, понятия, является, термин, текста, определение понятия, Смысл, термина, слова, слово"
188,2022,ChizhikEgorov,"рис, пациенты, пациент, задача, бот, люди, информация, врач, вопросы, точность модели","пациенты, пациент, задача, люди, информация, врач, вопросы, точность модели, чат-боты, чат-бот","симптомов, пользователя, Егоров Введение, Мультимодальные интеллектуальные, интеллектуальные ассистенты, данных, данные, задачи, взаимодействия, пациента"
189,2022,ChizhikMelnikovaZakharov,"рис, социальное настроение, логистическая регрессия, комментарии, алгоритм, социальные сети, машинное обучение, цель, модель, spacy","социальное настроение, логистическая регрессия, комментарии, алгоритм, социальные сети, машинное обучение, цель, модель, социальная группа, индивидуальное настроение","социального настроения, данных, тональности комментариев, настроения, настроение, тональности, комментариев, социальное настроение, Рис, является"
190,2022,ChizhikMelnikova,"датасет, информация, машинное обучение, модель, классы, библиотека, такой образ, социальные сети, естественный язык, тема","датасет, информация, машинное обучение, модель, классы, библиотека, такой образ, социальные сети, естественный язык, тема","данных, данные, текстовых данных, медицинских данных, медицинских, Датасет, информации, симптомов, Обработка текстовой, естественном языке"
191,2022,Kogan,"корпусная лингвистика, ия, обучение, корпус, учебные материалы, корпусы, использование, задание, открытые образовательные ресурсы, открытый доступ","корпусная лингвистика, обучение, корпус, учебные материалы, корпусы, использование, задание, открытые образовательные ресурсы, открытый доступ, основа","корпусной лингвистики, корпусной, подходов корпусной, лингвистики, ООР, области корпусной, корпусов, корпуса, онлайн корпусов, корпусной лингводидактики"
192,2022,Maksimov,"смысл, рис, вершина, понятие, объект, информация, e, граф, взаимодействие, объекты","смысл, вершина, понятие, объект, информация, граф, взаимодействие, объекты, контекст, значение","смысл, множество, например, объекта, рис, граф, текста, объект, значение, набор"
193,2022,Solovyev,"русский язык, словарь, оба видов, английский язык, абстрактные слова, словари, доля, сложность текстов, рейтинги конкретности/абстрактности, подробное описание","русский язык, словарь, английский язык, абстрактные слова, словари, доля, сложность текстов, подробное описание, коэффициент корреляции, спирмена","русского языка, языка, слов, русского, машинное обучение, респондентов, обоих видов, Методика создания, создания семантических, словарь"
194,2022,Vissio,"рис, якутский язык, русские заимствования, фильтр, заимствование, классификатор, выборка, уникальные словоформы, якутские тексты, русский язык","якутский язык, русские заимствования, фильтр, заимствование, классификатор, выборка, уникальные словоформы, якутские тексты, русский язык, таблы","русских заимствований, якутского языка, заимствований, языка, Рис, русских, модели, якутского, словоформ, якутских"
195,2023,Bikova,"эмо́дзь, пунктуация, текст, лемматизированный текст c, votingclassifier, soft, logistic regression, gaussiannb, decisiontreeclassifier, токенизатор keras","пунктуация, текст, оценка, эмоциональная окраска текста, машинное обучение, эмоции, вконтакте, социальная сеть, эксперименты, таблица","эмо, текст, дзи, лемматизированный текст, пунктуацией, Logistic Regression, текста, пунктуации, BoW, лемматизированный"
196,2023,ChizhikEgorov,"рис, логистическая регрессия, симптом, модель, симптомы, пациент, текстовые данные, такой образ, естественное язык, разработка","логистическая регрессия, симптом, модель, симптомы, пациент, текстовые данные, такой образ, естественное язык, разработка, отрицание","рис, данных, симптомов, пациентов, Поэтому, симптома, модель, модели, является, логистической регрессии"
197,2023,Chizhik,"такой образ, рис, класс, машинное обучение, логистическая регрессия, векторизация, тексты, короткие тексты, анализ тональности, подходы","такой образ, класс, машинное обучение, логистическая регрессия, векторизация, тексты, короткие тексты, анализ тональности, подходы, комментарии","точки зрения, текстов, Таким образом, векторизации, анализа тональности, анализа, данных, тональности, социальных, слов"
198,2023,Gavrilkina,"роль, сущность, отношения, причина, основание, условие, связь, сущности, framebank, отношение","роль, сущность, отношения, причина, основание, условие, связь, сущности, отношение, класс отношений","отношений, ролей, роль, сущностей, роли, идентификации ролей, ролей сущностей, Причина, определена роль, сущности"
199,2023,Khodorkovsky,"информация, сущность, сведение, свойства, система, сообщение, информационная коммуникация, определение, сигнал, соответствие","информация, сущность, сведение, свойства, система, сообщение, информационная коммуникация, определение, сигнал, соответствие","сущности, информации, информация, Сведения, системы, свойства, деятельности, деятельности системы, свойства сущности, обозначение"
200,2023,Lokalina,"слово, рис, конструкция, сказуемое, степень, меры, респонденты, носители языка, наречие, x","слово, конструкция, сказуемое, степень, меры, респонденты, носители языка, наречие, русский язык, примеры","слова, слова вообще, Рис, конструкции, отсловасовсем, языка, рис., вообще, контекст, сказуемое"
201,2023,Maksimov,"информация, свойство, следствие, свойства, свободная информация, структура, содержание, взаимодействие, отношение, связанная информация","информация, свойство, следствие, свойства, свободная информация, структура, содержание, взаимодействие, отношение, связанная информация","информации, информация, Свойства информации, свойства, свободной информации, свойство, взаимодействия, области, которое, связанной информации"
202,2023,Melnichuk,"модель, русский язык, сравнение, задача суммаризации, текст, оценка, s, сгенерированный текст, тексты, n-граммы","модель, русский язык, сравнение, задача суммаризации, текст, оценка, сгенерированный текст, тексты, эталонный текст, новостные тексты","русском языке, текста, текстов, модель, слов, суммаризации, Модели, BLEU, русском, языке"
203,2023,Tatur,"благозвучие, название, соответствие, база отдыха, санаторий, оценка, нейминги, торговая марка, создание, слово","благозвучие, название, соответствие, база отдыха, санаторий, оценка, нейминги, торговая марка, создание, слово","названия, базы отдыха, оценок, названия торговой, сфере, торговой марки, неймингов, сфер, нейминга, сферах"
204,2024,Belkin,"отзывы, сайт, пользователи, эмодзь, слово, оценка, пользовательские отзывы, набор данных, решение, программа","отзывы, сайт, пользователи, эмодзь, слово, оценка, пользовательские отзывы, набор данных, решение, программа","данных, отзывов, данные, отзывы, анализа тональности, набор данных, пользователей, тональности, количество, отзывах"
205,2024,MitrofanovaAdamova,"ключевые выражения, корпус, ткикл, тексты, аннотации, именованные сущности, ключевые слова, таблица, применение, использование","ключевые выражения, корпус, ткикл, тексты, аннотации, именованные сущности, ключевые слова, таблица, применение, использование","ключевых выражений, текстов, ключевых, IMS, корпуса, выражений, IMS CompLing, корпуса ТКиКЛ, текста, ключевых слов"
206,2024,MitrofanovaGolubev,"корпус, ткикл, тема, текст, слово, метка, ипс, тематический моделирование, система, отношение","корпус, ткикл, тема, текст, слово, метка, тематический моделирование, система, отношение, модель","меток, моделей, корпуса ТКиКЛ, Темы, корпуса, генерации меток, NMF, помощью алгоритма, помощью, тематических моделей"
207,2024,Sukhan,"пользователь, визуализация, авторы, друг, граф, корпус, рёбра, рис, статья, связь","пользователь, визуализация, авторы, друг, граф, корпус, рёбра, статья, связь, автор-статья","данных, корпуса, визуализации, графа, статей, например, авторов, визуализации метаданных, Gephi, метаданных корпуса"
208,2024,Vybornaya,"предлог, синтаксема, предлоги, частотность, локатив, предложные конструкции, первообразные предлоги, объект, контексты, база данных","предлог, синтаксема, предлоги, частотность, локатив, предложные конструкции, первообразные предлоги, объект, контексты, база данных","предлог, предлогов, предложных конструкций, первообразных предлогов, конструкций, контекстов, синтаксемы, данных предложных, предлога, синтаксема"
